[{"code":"","color":"#FF000000","name":"Extras Numbers","typeName":"","palette":"56","type":"h","spec":"Numbers"},{"code":"%1$s +\u003d %2$s;","color":"#FF8BC34A","name":"Num A Plus Equals Num B","typeName":"","palette":"56","type":" ","spec":"Num A %d  +\u003d Num B %d "},{"code":"%1$s -\u003d %2$s;","color":"#FF8BC34A","name":"Num A Minus Equals Num B_copy63","typeName":"","palette":"56","type":" ","spec":"Num A %d  -\u003d Num B %d "},{"code":"%1$s \u003d %2$s;","color":"#FF8BC34A","name":"Num A Equals Num B","typeName":"","palette":"56","type":" ","spec":"Num A %d  \u003d Num B %d "},{"code":"%1$s ++;","color":"#FF8BC34A","name":"Num A ++","typeName":"","palette":"56","type":" ","spec":"Num A %d  ++"},{"code":"%1$s","color":"#FF8BC34A","name":"Integer","typeName":"","palette":"56","type":"d","spec":"Integer %m.int"},{"code":"","color":"#FF000000","name":"Extras Graphics","typeName":"","palette":"56","type":"h","spec":"Graphics"},{"code":"public Paint textPaint \u003d new Paint();","color":"#FF4CAF50","name":"Set Text Paint","typeName":"","palette":"56","type":" ","spec":"New Text Paint"},{"code":"","color":"#FF000000","name":"Extras Booleans","typeName":"","palette":"56","type":"h","spec":"Booleans"},{"code":"%1$s \u003d %2$s;","color":"#FF795548","name":"Boolean Equals True False","typeName":"","palette":"56","type":" ","spec":"Boolean %b \u003d\u003d %b "},{"code":"","color":"#FF000000","name":"Extra Blocks","typeName":"","palette":"56","type":"h","spec":"Extra Blocks"},{"code":"%1$s.setOnTouchListener(new View.OnTouchListener() {\n            @Override\n            public boolean onTouch(View view, MotionEvent motionEvent) {\n                switch (motionEvent.getActionMasked()){\n                    case MotionEvent.ACTION_DOWN:\n                        %2$s\n                        break;\n                    case MotionEvent.ACTION_UP:\n                        %3$s\n                        break;\n                }\n                return true;\n            }\n        });","color":"#FF000000","name":"On Screen Touch Events","typeName":"","palette":"56","type":"e","spec":"Button %m.view Pressed","spec2":"Button Released"}]