[{"code":"","color":"#FF000000","name":"Game Main Class","typeName":"","palette":"47","type":"h","spec":"Class"},{"code":"}public class Game extends SurfaceView implements SurfaceHolder.Callback { \npublic GameLoop gameLoop;\npublic SurfaceHolder surfaceHolder;\npublic Canvas canvas;\n%2$s\n//integers \npublic int tileSize \u003d 0;\npublic int maxNumOfColumns,maxNumOfRows \u003d 0; public int maxGameWidth,maxGameHeight \u003d 0;\n\npublic Game(Context context){\nsuper(context);\ncanvas \u003d new Canvas();\nsurfaceHolder \u003d getHolder(); surfaceHolder.addCallback(this);\ngameLoop \u003d new GameLoop(this,surfaceHolder);\n}\n//All main methods\n%1$s\n@Override public void surfaceCreated(@NonNull SurfaceHolder surfaceHolder) { if (gameLoop.getState().equals(Thread.State.TERMINATED)) { gameLoop \u003d new GameLoop(this, surfaceHolder); } gameLoop.startLoop(); } @Override public void surfaceChanged(@NonNull SurfaceHolder surfaceHolder, int i, int i1, int i2) { } @Override public void surfaceDestroyed(@NonNull SurfaceHolder surfaceHolder) { }","color":"#FFF44336","name":"Setup Game Class","typeName":"","palette":"47","type":"e","spec":"Setup Game Class Main Methods","spec2":"New Classes"},{"code":"","color":"#FF000000","name":"Game Draw Objects","typeName":"","palette":"47","type":"h","spec":"Draw Objects"},{"code":"//Draw text you need to init textPaint in Extras first\nif(textPaint!\u003dnull){\ncanvas.drawText(%1$s,(int)%2$s,(int)%3$s,textPaint);\n}","color":"#FF2196F3","name":"Draw Text","typeName":"","palette":"47","type":" ","spec":"Draw Text %s posX %d posY%d"},{"code":"//update method must be used in the player class to use this\nplayer.update();","color":"#FF311B92","name":"Update Player Class","typeName":"","palette":"47","type":" ","spec":"Update Player Class"},{"code":"player.draw(canvas);","color":"#FF311B92","name":"Draw Player Class","typeName":"","palette":"47","type":" ","spec":"Draw Player Class"},{"code":"tileManager.draw(canvas);","color":"#FF311B92","name":"Draw Tiles A Class","typeName":"","palette":"47","type":" ","spec":"Draw Tiles A Layer A"},{"code":"tileManager.draw(canvas);\n%1$s\ntileManager.placeTileBTiles(canvas);","color":"#FF311B92","name":"Draw Tiles Layer A B","typeName":"","palette":"47","type":"c","spec":"Draw Tiles A Layer A \u0026 Layer B"},{"code":"","color":"#FF000000","name":"Game Methods","typeName":"","palette":"47","type":"h","spec":"Methods"},{"code":"public void update(){ \n//Main Method 1\n%1$s\n}","color":"#FF2196F3","name":"Update Game","typeName":"","palette":"47","type":"c","spec":"Update Game"},{"code":"@Override public void draw(Canvas canvas){\nsuper.draw(canvas); \n//Main Method 2\n%1$s\n}","color":"#FF2196F3","name":"Draw Game","typeName":"","palette":"47","type":"c","spec":"Draw Game"},{"code":"//Other methods \npublic void pauseGame(){\n%1$s\n}","color":"#FF2196F3","name":"Pause Game_SWDMG","typeName":"","palette":"47","type":"c","spec":"Pause Game"},{"code":"","color":"#FF000000","name":"All Game Variables","typeName":"","palette":"47","type":"h","spec":"Variables"}]