[{"code":"%1$s \u003d new Game (%2$s.this);","color":"#FFCDDC39","name":"Initialize Game Class Current Activity","typeName":"","palette":"53","type":" ","spec":"Initialize Game Class %m.Game Activity %m.activity  "},{"code":"%1$s.addView(%2$s);","color":"#FFCDDC39","name":"View Add GameView Game Class","typeName":"","palette":"53","type":" ","spec":"View %m.view  Add %m.Game "},{"code":"%1$s.gameLoop.stopLoop();","color":"#FFCDDC39","name":"Pause Game Loop","typeName":"","palette":"53","type":" ","spec":"%m.Game Pause Game "},{"code":"","color":"#FF000000","name":"Game Integers","typeName":"","palette":"53","type":"h","spec":"Integers"},{"code":"%1$s.tileSize \u003d (int)%2$s;","color":"#FFF44336","name":"Set Tile Size Game","typeName":"","palette":"53","type":" ","spec":"%m.Game Set Default Tile Size %d "},{"code":"%1$s.tileSize","color":"#FF0D47A1","name":"Get Tile Size Game","typeName":"","palette":"53","type":"d","spec":"%m.Game Get Default Tile Size"},{"code":"%1$s.maxNumOfColumns \u003d (int)%2$s;","color":"#FFF44336","name":"Set Max Columns Game","typeName":"","palette":"53","type":" ","spec":"%m.Game Set Max Columns %d "},{"code":"%1$s.maxNumOfColumns","color":"#FF0D47A1","name":"Get Max Columns Game","typeName":"","palette":"53","type":"d","spec":"%m.Game Get Max Columns"},{"code":"%1$s.maxNumOfRows \u003d (int)%2$s;","color":"#FFF44336","name":"Set Max Rows Game","typeName":"","palette":"53","type":" ","spec":"%m.Game Set Max Rows %d "},{"code":"%1$s.maxNumOfRows","color":"#FF0D47A1","name":"Get Max Rows Game","typeName":"","palette":"53","type":"d","spec":"%m.Game Set Max Rows"},{"code":"%1$s.maxGameWidth \u003d (int)%2$s;","color":"#FFF44336","name":"Set Max Game Screen Width","typeName":"","palette":"53","type":" ","spec":"%m.Game Set Max Game Screen Width %d "},{"code":"%1$s.maxGameWidth","color":"#FF0D47A1","name":"Get Max Game Screen Width","typeName":"","palette":"53","type":"d","spec":"%m.Game Set Max Game Screen Width"},{"code":"%1$s.maxGameHeight \u003d (int)%2$s;","color":"#FFF44336","name":"Set Max Game Screen Height","typeName":"","palette":"53","type":" ","spec":"%m.Game Set Max Game Screen Height %d "},{"code":"%1$s.maxGameHeight","color":"#FF0D47A1","name":"Get Max Game Screen Height","typeName":"","palette":"53","type":"d","spec":"%m.Game Set Max Game Screen Height"},{"code":"","color":"#FF000000","name":"Game Graphics","typeName":"","palette":"53","type":"h","spec":"Graphics"},{"code":"//BLACK WHITE BLUE GREEN\n%1$s.textPaint.setColor(Color.%2$s);\n%1$s.textPaint.setTextSize((int)%3$s);","color":"#FFF44336","name":"Set Game Text Paint","typeName":"","palette":"53","type":" ","spec":"%m.Game Set Text Details Color %s.inputOnly Text Size %d "}]